name,last_name,mail,country,age
Jenilee,Grene,jgrene0@paypal.com,United States,51
Rosetta,Tinn,rtinn1@nature.com,China,68
Ric,Downing,rdowning2@stumbleupon.com,China,52
Lorie,McSkeagan,lmcskeagan3@com.com,China,73
Emmalynn,Bricklebank,ebricklebank4@nymag.com,Philippines,53
Selma,Bavin,sbavin5@icio.us,Poland,30
Paolina,Jeune,pjeune6@github.io,Kyrgyzstan,65
Mitch,Bernardo,mbernardo7@house.gov,China,73
Ekaterina,Lago,elago8@mlb.com,East Timor,50
Roda,McLukie,rmclukie9@bravesites.com,Slovenia,44
Kirsteni,Winham,kwinhama@answers.com,Indonesia,29
Wilek,Everleigh,weverleighb@indiegogo.com,Indonesia,24
Dulcea,Ethelstone,dethelstonec@msn.com,Reunion,83
Kirbie,Henner,khennerd@wordpress.com,Poland,77
Matthias,Kilgallen,mkilgallene@example.com,Philippines,78
Sly,Golbourn,sgolbournf@tripod.com,Russia,54
Elly,Pobjay,epobjayg@nytimes.com,Russia,26
Afton,Bachura,abachurah@hao123.com,Colombia,49
Basil,Rengger,brenggeri@webs.com,Netherlands,71
Lisa,Gough,lgoughj@nba.com,Sweden,36
